date,username,review,rating,platform,developerResponse,language
2024-11-09,邱美純,結帳系統不好用，搜尋也不聰明,3,Android,,zh
2024-11-08,Naive TreePo,結帳下單的loading速度太慢,2,Android,,zh
2024-11-08,wendy Hu,能夠清楚並且事前計畫要買的貨物,4,Android,,zh
2024-11-08,Paolañañaaa,速度很慢 要運送宅配很多資訊要不斷重寫,2,iOS,,zh
2024-11-08,Chun YANG,"app不好用,要結帳時網頁一直跑出來，無法結帳",3,Android,,zh
2024-11-08,sandy si,app很難找貨，無法下單,1,Android,,zh
2024-11-06,wtrace Chen,第一次有購物app爛到我特地登入給負評的。包含付款、更改貨運方式、所選商品輪流出問題，到底是尛！,1,iOS,,zh
2024-11-05,Remi Chen,使用起来卡卡的,3,Android,,zh
2024-11-05,黃oa,本人家裡寢室物件都在貴公司高雄店購買，非常適合喜愛！,5,Android,,zh
2024-11-05,劉景雄,讚,4,Android,,zh
2024-11-05,YenBo Wang (C),app使用體驗太差了，一是應用程式的速度太慢，二是已在商品目錄選加入購物車，但切換到購物車卻顯示沒有任何物品被添加，還需要回商品目錄重新再選一次。,1,Android,,zh
2024-11-03,Hsin-Che Wu,沒看過這裡爛的app 購買過程中一直跳出，購物車動不動就變動，付款也跳掉是怎樣,1,Android,,zh
2024-11-03,Kevin Pang,不太好,3,Android,,zh
2024-11-03,陳薇方,跳出app之後結帳畫面會不見,2,Android,,zh
2024-11-03,Wan Chung Chu,不穩定,3,Android,,zh
2024-11-03,鴨小妹,"商品包裝完整！ 出貨快速！
品質優良！
顏色又漂亮！
實用又美觀！
推薦大家購買！",5,iOS,,zh
2024-11-01,張國緯,更新後無止境的載入中，怎麼這麼大公司，一個App都做不好？,1,Android,,zh
2024-11-01,CH Lin,究竟開啟 app 後，“載入中” 的畫面要停留多久才能開始使用？,1,Android,,zh
2024-10-30,8730678,超卡超爛 不能登入也不能驗證 一直顯示系統錯誤 明明有帳號還不給登入 還一直當機 到底搞什麼 按鈕都不能按 搞什麼啊,1,iOS,,zh
2024-10-29,Emma Chang,很讚！,5,Android,,zh
2024-10-28,Pei Lum Ma,用過最爛的app 請小學生都寫的比你們好,1,Android,"Hej, 謝謝你願意花時間讓我們知道你遇到的問題，我們將請相關單位持續優化APP，謝謝。",zh
2024-10-27,shiang1201,手機一直收不到驗證碼，然後就一直鬼打牆地不斷地circle,1,iOS,,zh
2024-10-27,Gary4pae,無法收到手機驗證碼,2,iOS,,zh
2024-10-27,張蓓歆,小蠟燭可以放購物車卻不能結帳…… 而且跳轉超級久，所以線上有貨為什麼不能訂？可以放購物為什麼不能買？超難用……,1,Android,"Hej, 謝謝你願意花時間讓我們知道你遇到的問題，我們將請相關單位持續優化APP，謝謝。",zh
2024-10-27,S H,購物車直接罷工,1,Android,"Hej, 謝謝你願意花時間讓我們知道你遇到的問題，我們將請相關單位持續優化APP，謝謝。",zh
2024-10-26,Sam Wang,網站回應非常慢 最後付錢也很有問題,1,Android,"Hej, 謝謝你願意花時間讓我們知道你遇到的問題，我們將請相關單位持續優化APP，謝謝。",zh
2024-10-25,guan lin,超級難用,1,Android,"Hej, 謝謝你願意花時間讓我們知道你遇到的問題，我們將請相關單位持續優化APP，謝謝。",zh
2024-10-24,小DJ,很方便,5,Android,"Hej, 謝謝你的鼓勵，我們會繼續努力。",zh
2024-10-23,陳棉潔,有夠難用,1,Android,"Hej, 謝謝你願意花時間讓我們知道你遇到的問題，我們將請相關單位持續優化APP，謝謝。",zh
2024-10-21,Peyton Liao,購物車商品常常顯示不出來，結帳時居然跳出購物車無商品，挑選跟等待購物車顯示已經夠花時間，最後白忙一場？,1,Android,"Hej, 謝謝你願意花時間讓我們知道你遇到的問題，我們將請相關單位持續優化APP，謝謝。",zh
2024-10-19,到底為什麼要我更新,"到購物車點「下一步結帳」就直接顯示購物車裡面沒有商品？？？
重新整理購物車裡面的東西就又出現
試了五六次了，一樣的狀態
請趕快改善！！",1,iOS,,zh
2024-10-15,加有許,"一進去就卡載入中 
卡三十分鐘都進不去
換網路也一樣",1,iOS,,zh
2024-10-15,MacyUber,打開app各種頁面等待下載的時間實在太長了（至少超過2分半）,1,iOS,,zh
2024-10-12,hwb010,如題，其實使用體驗還OK呀，不懂為何評分那麼低？瀏覽商品很方便，選擇喜歡的商品加入購物車，結合門市取貨相當便利！如果要說可以更好的地方，或許是結帳的等候時間較久吧，如果這點能夠改善，使用者體驗會更棒的！給予五顆星讓評論分數均衡一點😊,5,iOS,,zh
2024-10-10,Ed Li,這是我見過最慢的網路購物，買完送7-11大概要一週以上才會到，沒特別需求真心建議去其他網購買,1,iOS,,zh
2024-10-06,劉富琴,結帳超難用，離開app看載具及地址就當掉得重新操作,1,Android,"Hej, 謝謝你願意花時間讓我們知道你遇到的問題，我們將請相關單位持續優化APP，謝謝。",zh
2024-10-05,妮可蔓蔓,為什麼購物車都沒辦法改數量,1,iOS,,zh
2024-10-04,dunk01255,信用卡扣款成功，但軟件顯示未購買成功？？？,1,iOS,,zh
2024-10-01,蕭妤庭,打不開,1,Android,"Hej, 謝謝你願意花時間讓我們知道你遇到的問題，我們將請相關單位持續優化APP，謝謝。",zh
2024-09-30,張登霖,第一個畫面就卡住，那個「讓我們開始吧」按鈕按下去毫無反應，廢到笑…,1,Android,"Hej, 謝謝你願意花時間讓我們知道你遇到的問題，我們將請相關單位持續優化APP，謝謝。",zh
2024-09-27,陳昱心,看到評分只有1.9分還是下載了，結果一打開app停在語言選擇畫面就直接當掉了，笑死，我下載不到3分鐘欸,1,Android,"Hej, 謝謝你願意花時間讓我們知道你遇到的問題，我們將請相關單位持續優化APP，謝謝。",zh
2024-09-23,海音,按下加入購物車，跳出已加入購物車的提示，但是點選購物車後，卻說購物車沒有任何商品，然後回到商品頁面，再按下一次加入購物車，太棒了，這次購物車有東西了，不過數量是2！！！！好吧，算了進行結帳流程，速度堪比龜爬，慢得要死，只要下一步就是一直讀取，經過了不知多少歲月後，總算來到信用卡結帳的環節，想說終於可以買到東西了，輸入完卡號、有效日期、三碼，然後到了發卡銀行的驗證環節，一切都是那麼的熟悉，那麼的令人雀躍。認證碼簡訊來了，然後跳到簡訊頁面，複製好認證碼，準備回IKEA App複製貼上來完成付款，結果一跳回來畫面全白！！！連我家牆壁都沒這麼白過！！！！！AMAZING ！！！！！！！！！！！！！！！！！！！！！！！！！！！！！！！！！！！！！！！！！！！！！！！！！！！,1,Android,"Hej, 謝謝你願意花時間讓我們知道你遇到的問題，我們將請相關單位持續優化APP，謝謝。",zh
2024-09-23,莊筱蕾,超北七，驗證完手機要登入，顯示手機未驗證，又要再重新驗證一次，還是無法登入，到底是想不想要人家消費？？完全無法進入,1,Android,"Hej, 謝謝你願意花時間讓我們知道你遇到的問題，我們將請相關單位持續優化APP，謝謝。",zh
2024-09-16,rutiriu,"去門市看到某些新品
下載後沒有出現
那還需要app做什麼呢？
是不是變相要客人跑門市一趟更好推銷呢？
所以這app能用但不多 
真的不多，不要下
真的不多，不要下
真的不多，不要下
（很重要 我說三遍",1,iOS,,zh
2024-09-16,蹦蹦蹦跳跳,"拜託不能驗證手機
手機又收不到簡訊
用mail更改密碼又無法登入
不能理解",1,iOS,,zh
2024-09-13,101空降師,這東西有夠難用，在購物車內要結帳一直卡住，無法選擇貨運方式與地址，最終放棄消費,1,iOS,,zh
2024-09-07,杰司陳,"賣商品喜歡一件一件拆開賣！
我查詢一個組合商品卻找不到個部位的選項
然後標一堆尺寸卻不知道到是在標那個部位的尺寸！

直接放棄！",1,iOS,,zh
2024-09-05,肥哞,購物車的刪除鍵是假的嗎？按完一件商品，其他的商品全部消失，返回購物車又全部跑回來，刪都刪不掉,1,iOS,,zh
2024-08-31,Tim Huang,網購最差的一次體驗，訂貨等了7天，拿到瑕疵品，客服電話打10分鐘不通，郵件客訴兩次等2天沒回覆，再打電話客服，接通後說換貨再等7天，7天到了沒來換貨，主動打過去說要延期，這樣的服務體驗，只能祈禱商品不要有問題。,1,Android,"Hej, 謝謝你願意花時間讓我們知道你遇到的問題，我們將會持續提升服務品質，造成不便敬請見諒，謝謝。",zh
2024-08-30,任坊（土方）,不能註冊帳號，沒用,1,Android,"Hej, 謝謝你願意花時間讓我們知道你遇到的問題，我們將請相關單位持續優化APP，謝謝。",zh
2024-08-25,FaT W (少爺),無論什麼方法都驗證不過,1,Android,"Hej, 謝謝你願意花時間讓我們知道你遇到的問題，我們將請相關單位持續優化APP，謝謝。",zh
2024-08-23,LCZ LCZ,使用這個爛App爛到發瘋，購物車一直轉，是不是不讓人家買啦！開發單位真的可以再扯一點…………趕快改進啦 不要再回覆制式留言了啦！快研究怎麼改進吧,1,Android,"Hej, 謝謝你願意花時間讓我們知道你遇到的問題，我們將請相關單位持續優化APP，謝謝。",zh
2024-08-20,Ryan Chang,登入時購物車出現沒點過的商品，商品加入購物車反應極慢，有時商品點的時候沒反應，隔很長時間後才突然重複加入，勉強能用但體驗極差,2,Android,"Hej, 謝謝你願意花時間讓我們知道你遇到的問題，我們將請相關單位持續優化APP，謝謝。",zh
2024-08-20,Tzu-Yi Chung,IKEA APP可以加入瑞典餐廳的資訊嗎，不然每次想看最近出了什麼新菜色還要自己上IKEA官網找，很麻煩耶，APP應該要有瑞典餐廳的內容才對！,3,Android,"Hej, 謝謝你願意花時間讓我們知道你遇到的問題，我們將請相關單位持續優化APP，謝謝。",zh
2024-08-19,花蓮公道伯,購物車商品無法刪除，更新後還是沒有改善，這個問題出現很久了，希望能早日改善,1,iOS,,zh
2024-08-19,劉賢,一直當機,1,Android,"Hej, 謝謝你願意花時間讓我們知道你遇到的問題，我們將請相關單位持續優化APP，謝謝。",zh
2024-08-17,sanger11111112,可以講物品加入購物車，要刪除卻無法刪除，重新下載app也是相同狀況,1,iOS,,zh
2024-08-15,Wen媽咪,"放進購物車之後無法進行編輯修改
即使重新下載也沒有改善",1,iOS,,zh
2024-08-12,Damian BP,內容空洞,1,Android,"Hej, 謝謝你願意花時間讓我們知道你遇到的問題，我們將請相關單位持續優化APP，謝謝。",zh
2024-08-10,KatherineLiou,"進購物車、進結帳系統
每一個動作慢到都可以烤個吐司抹好醬再回來坐著等",5,iOS,,zh
2024-08-08,我嗨恩,收不到驗證碼啦垃圾app,1,iOS,,zh
2024-08-06,絕不下載,"新政策說要手機驗證，結果根本不給登入帳號，想要驗證還說資料有問題。
重新辦一個帳號，想到登入沒想到信箱也要驗證，奇怪的是一半驗證信箱或號碼也會先讓登入，偏偏IKEA喜歡特立獨行，把你擋在外面，必須從網站上填帳號密碼，然後給你看帳號資料有問題。
舊帳號、新帳號資料都有問題，是我有問題還是IKEA有問題？",1,iOS,,zh
2024-08-04,Lisa Kuo,購物車一直顯示不出來,1,Android,"Hej, 謝謝你願意花時間讓我們知道你遇到的問題，我們將請相關單位持續優化APP，謝謝。",zh
2024-08-02,wen chuan Liao,超爛的app，可以建議移除了，用網頁還比較好用,1,Android,"Hej, 謝謝你願意花時間讓我們知道你遇到的問題，我們將請相關單位持續優化APP，謝謝。",zh
2024-07-27,幹都被用過了,每次補貨也不平均，不是高雄就是桃園，要調也沒辦法掉，線上看到庫存去店裡，還說客訂，服務莫名其妙又越來越爛。,1,iOS,,zh
2024-07-21,鄭傑米,難道沒辦法換一家正常點的軟體公司來維護嗎？IKEA不是國際公司嗎，怎麼搞得好像沒錢的小型傢俱店，跑超久都顯示不出來，剛裝完就馬上刪除了,1,Android,"Hej, 謝謝你願意花時間讓我們知道你遇到的問題，我們將請相關單位持續優化APP，謝謝。",zh
2024-07-21,howard howard,0分 吃個飯還要浪費時間 呵呵,1,Android,"Hej, 如果有任何問題歡迎聯繫客服，IKEA客服電話： 412-8869(手機+02)",zh
2024-07-19,CHIHWEI CHEN,一安裝就卡在語系那邊.....,1,Android,"Hej, 謝謝你願意花時間讓我們知道你遇到的問題，我們將請相關單位持續優化APP，謝謝。",zh
2024-07-18,Weihaotome,進去以後一直卡一個小圓點一直跳不進去,1,iOS,,zh
2024-07-18,lee bd,網路購物體驗非常糟糕，常常都在空轉，花了錢製作購物車卻無法使用電商功能，重點是一個大企業怎能容忍如此長時間的系統放爛，除了換廠商，貴公司的電算資訊窗口應該也是一個大問題。,1,Android,"Hej, 謝謝你願意花時間讓我們知道你遇到的問題，我們將請相關單位持續優化APP，謝謝。",zh
2024-07-16,李京樺,載入速度慢,1,Android,"Hej, 謝謝你願意花時間讓我們知道你遇到的問題，我們將請相關單位持續優化APP，謝謝。",zh
2024-07-16,Bang,這到底三小智缺系統 我登入說找不到我的資料 我選忘記密碼也說沒有我的資料 我填註冊他卻說會員已經有我的資料????,1,Android,"Hej, 謝謝你願意花時間讓我們知道你遇到的問題，為了確認你遇到的狀況，請來信至:iservice@ikea.com.tw 提供帳戶資訊，我們將協助為你處理，謝謝。",zh
2024-07-16,Ning Hui Chen,最難用購物app。購物車商品每次關掉打開就不見，商品分類常常找不到在哪。,1,Android,"Hej, 謝謝你願意花時間讓我們知道你遇到的問題，我們將請相關單位持續優化APP，謝謝。",zh
2024-07-16,Chopper Lee,首頁只有登入畫面，卻少了通往註冊的選項。常見問題的回答裡，也獨缺註冊相關的解答。,1,Android,"Hej, 謝謝你願意花時間讓我們知道你遇到的問題，為了確認你遇到的狀況，請來信至:iservice@ikea.com.tw 提供帳戶資訊，我們將協助為你處理，謝謝。",zh
2024-07-10,華乙遠,還不錯用,5,Android,感謝你與我們分享你的意見。如你所知，我們特別關心那些選擇我們陪伴他們日常生活的人們的誠實和真實的見解。我們將利用你的回饋來改進我們。希望你繼續支持IKEA並期待你的下次光臨。SEE YOU NEXT TIME.,zh
2024-07-09,李翰政,產品點進去都是空的，浪費我時間在那做認證登入,1,Android,"Hej, 謝謝你願意花時間讓我們知道你遇到的問題，我們將請相關單位持續優化APP，謝謝。",zh
2024-07-07,😅小智😅,安裝後，根本無法登陸軟體,1,iOS,,zh
2024-07-07,郭小姐頭鷹,"在網頁版上無嘉義城市店的庫存顯示；而app上則是所有台灣分店都沒有庫存顯示。
希望能夠儘快連動並更新嘉義店的庫存狀況。",4,iOS,,zh
2024-07-06,Mike Chang,果真如其他使用者的描述一模一樣，爛到一個極致死活不肯改善，買你個東西在那邊綁東綁西的~東西也漲價到了個不像話...拜託你們千萬不要改(這一顆星是施捨給你們的),1,Android,"Hej, 謝謝你願意花時間讓我們知道你遇到的問題，我們將請相關單位持續優化APP，謝謝。",zh
2024-07-06,方頭獅,要強制綁定才能使用會員就已經夠噁心人了，下載後還要連動line，連動網頁還失敗！ 刷卡友優惠QRcode要我再註冊一次會員，輸入完告訴我會員帳號已註冊過 請認真檢討寫這個APP的人，先內測沒問題再放出來害人好不好，有夠扯ㄟ,1,Android,"Hej, 謝謝你願意花時間讓我們知道你遇到的問題，我們將請相關單位持續優化APP，謝謝。",zh
2024-07-05,alan chiang 1639,"驗證信箱跟我說電話格式不對？
文不對題的垃圾錯誤…已經不是技術問題
麻煩IKEA看是要把app研發人員裁掉，還是跟承包商解約，能夠把app寫這麼爛，真的是不簡單",1,iOS,,zh
2024-07-04,羊先生,速度慢，購物車老是卡住，不然就是產品加不進去購物車！！！ 比大便沒營養的回覆就不用了，趕快搞好app和網頁效能，笑死人的國際大廠,1,Android,"Hej, 謝謝你願意花時間讓我們知道你遇到的問題，我們將請相關單位持續優化APP，謝謝。",zh
2024-07-04,ivy Chen,"配送很不彈性,要取消沒有按鍵取消,要打電話給客服,然後沒有在48小時之內取消的話他還要再收一次運費，爛透了",1,Android,"Hej, 謝謝你願意花時間讓我們知道你遇到的問題，IKEA會持續收集客戶的各項回饋，期待能持續調整作業提升你得購物體驗。",zh
2024-07-03,veronicaharu,"搜尋功能非常不直覺 執行常常卡畫面
產品分類 推薦商品 都很難讓人想消費",1,iOS,,zh
2024-07-03,Chow Will,好慢，又不好用。,1,Android,"Hej, 謝謝你願意花時間讓我們知道你遇到的問題，我們將請相關單位持續優化APP，謝謝。",zh
2024-07-02,幣勝,購物車清不掉，重載都沒用…感覺你們帳號購物車設計有問題🤨，會殘留資訊,1,iOS,,zh
2024-06-30,Pai 5566,一直卡住進不去，也無法與實體卡併用，爛到爆,1,iOS,,zh
2024-06-29,很難難用,"是要驗證什麼啦啦
說手機或信箱驗證
信箱輸入又不給用",1,iOS,,zh
2024-06-29,蘇偉順,完全收不到手機驗證碼， 已經重新發送至少10次了！,1,Android,"Hej, 謝謝你願意花時間讓我們知道你遇到的問題，為了確認你遇到的狀況，請來信至:iservice@ikea.com.tw 提供帳戶資訊，我們將協助為你處理，謝謝。",zh
2024-06-29,Sha Ho,標題是讓人有回家的感覺，app則是無法登入讓你回不了家,1,Android,"Hej, 謝謝你願意花時間讓我們知道你遇到的問題，為了確認你遇到的狀況，請來信至:iservice@ikea.com.tw 提供帳戶資訊，我們將協助為你處理，謝謝。",zh
2024-06-28,POMPOM WEK,一直收不到手機驗證碼！！,1,Android,"Hej, 謝謝你願意花時間讓我們知道你遇到的問題，為了確認你遇到的狀況，請來信至:iservice@ikea.com.tw 提供帳戶資訊，我們將協助為你處理，謝謝。",zh
2024-06-27,J C,開啟速度非常慢，卡到不行！,1,Android,"Hej, 謝謝你願意花時間讓我們知道你遇到的問題，我們將請相關單位持續優化APP，謝謝。",zh
2024-06-27,joy YJC,方便選產品，單常常卡頁(｡ ́︿ ̀｡),3,iOS,,zh
2024-06-27,Ms chenlin,帳戶資料內地址部分，嘉義縣就是嘉義縣，嘉義市是嘉義市，嘉義市是獨立的，不含在嘉義縣，搞清楚狀況！離譜！,1,iOS,,zh
2024-06-23,Bonds hsieh,要新開戶一直卡在驗證！明明電話號碼有正確，一直不發送！按了幾十次，還是一樣！還沒用過這麼難認證的app！,1,iOS,,zh
2024-06-22,hejejedbbd,"無法註冊
點選輸入密碼時，會一直雞婆說幫忙寫高強度密碼，不管你要或不要，之後頁面就會當機，永遠無法註冊。",1,iOS,,zh
2024-06-19,Hengfu Lin,可以公開一下是哪家資訊公司寫的app嗎？真的有夠爛 1. 登入時卡住，改了密碼也一樣 2. 購物車的東西時不時會消失 3. 整天在那邊吵要二階段認證，然後認證又不會通過，只好用電腦秒成功 到底是美學素養還是專業能力出了問題,1,Android,"Hej, 謝謝你願意花時間讓我們知道你遇到的問題，我們將請相關單位持續優化APP，謝謝。",zh
2024-06-19,Mars Huang,無法登入、物品無法加入購物車，根本不想讓人買是不是,1,Android,"Hej, 謝謝你願意花時間讓我們知道你遇到的問題，我們將請相關單位持續優化APP，謝謝。",zh
2024-06-19,吳重君（吳重君/勇霖技師）,註冊一小時還無法登錄使用,1,Android,"Hej, 謝謝你願意花時間讓我們知道你遇到的問題，我們將請相關單位持續優化APP，謝謝。",zh
2024-06-18,甩到帥到沒話說,購物車都打不開是要買三小,1,iOS,,zh
2024-06-17,fuenccn,超爛欸，按個購物車跑超慢，要更改地址也跑超慢，外包給哪個垃圾公司做的可以公開一下嗎==,1,iOS,,zh
2024-06-15,kuma-liu,資料讀取到底是在？ 開了半小時一樣無法顯示,2,iOS,,zh
2024-06-10,KuangYi Wang,"app 會員沒有條碼，還ㄧ定要加line ,實在很不方便,這麼大個公司寫出這種爛app",1,Android,"Hej, 謝謝你願意花時間讓我們知道你遇到的問題，我們將請相關單位持續優化APP，謝謝。",zh
2024-06-09,N222520,什麼爛app，無法結帳耶，一直顯示「請選擇運送方式」，就已經選了貨物配送跟地址了啊，莫名其妙，這麼大的公司，這麼爛的網站和app,1,iOS,,zh
2024-06-05,migua Ha,難用 超lag 這麼大的公司搞這種爛app 錢乾脆都捐出去算了 工程師都是猴子是不是,1,Android,"Hej, 謝謝你願意花時間讓我們知道你遇到的問題，我們將請相關單位持續優化APP，謝謝。",zh
2024-06-04,換換嵐,本來下載是以為可以叫出宜家卡或優惠券之類的，在實體店不需要找Line出來很麻煩，結果沒有，連宜家卡都叫不出來真的是很無言。,2,iOS,,zh
2024-06-04,李心怡,一直收不到手機驗證碼。只能卸載放棄。,1,Android,"Hej, 謝謝你願意花時間讓我們知道你遇到的問題，我們將請相關單位持續優化APP，謝謝。",zh
2024-06-01,Devil tang辰 斯,破爛玩意兒速度慢永遠在載入中 3小,1,Android,"Hej, 謝謝你願意花時間讓我們知道你遇到的問題，我們將請相關單位持續優化APP，謝謝。",zh
2024-05-30,邱維添,購物車很神奇，每次打開都是空的，得再加一樣物品才能重新看到之前的購物車內容。 App裡除了商品瀏覽體驗不錯（跟網頁版一樣），其他都是災難級別的用戶體驗🥹,1,Android,"Hej, 謝謝你願意花時間讓我們知道你遇到的問題，我們將請相關單位持續優化APP，謝謝。",zh
2024-05-27,張晉瑋,驗證過程不斷鬼打牆有驗證又沒驗證的，糟糕的使用體驗,1,Android,"Hej, 謝謝你願意花時間讓我們知道你遇到的問題，為了確認你遇到的狀況，請來信至:iservice@ikea.com.tw 提供帳戶資訊，我們將協助為你處理，謝謝。",zh
2024-05-25,Hong_61218,都註冊成功也顯示驗證過，再登入頁面又顯示格式不對，不然就是未驗證，蠻難用的，要改版可以開發好再來嗎，很困擾,1,iOS,,zh
2024-05-24,宇凡44,無法刪除購物車品項，一直無法結帳,1,iOS,,zh
2024-05-21,外宿生,"雖然很喜歡ikea
但購物車真的很慘
東西多一點就跑不動
希望能儘快改善！",1,iOS,,zh
2024-05-18,tin368620015,搞笑的app，直接卡註冊畫面,1,Android,"Hej, 謝謝你願意花時間讓我們知道你遇到的問題，我們將請相關單位持續優化APP，謝謝。",zh
2024-05-14,李昱璁,"購物車一直跑不出來 網頁版強制跳進去app,app沒有商品評價回覆顯示。",1,Android,"Hej, 謝謝你願意花時間讓我們知道你遇到的問題，我們將請相關單位持續優化APP，謝謝。",zh
2024-05-14,Chen yen min,登入信箱不行登，改了密碼也不能登😡,1,iOS,,zh
2024-05-13,Zwen,這app是請工讀生做的嗎，你們好意思上架？,1,Android,"Hej, 謝謝你願意花時間讓我們知道你遇到的問題，我們將請相關單位持續優化APP，謝謝。",zh
2024-05-13,YL,APP跑得比網頁慢 😢,3,Android,"Hej, 謝謝你願意花時間讓我們知道你遇到的問題，我們將請相關單位持續優化APP，謝謝。",zh
2024-05-09,JOHN,線上購物我會使用電腦網頁版，逛實體店面裝這個app也多大用處，無法顯示會員條碼，頂多查詢最愛商品所在貨架位置,2,Android,"Hej, 謝謝你願意花時間讓我們知道你遇到的問題，我們將請相關單位持續優化APP，謝謝。",zh
2024-05-09,為什麼那麼多暱稱不能用,超爛,1,iOS,,zh
2024-05-08,張國雄,產品多到數不清，只要想要的的在IKEA門市都能看得到,5,Android,,zh
2024-05-08,憤怒阻礙,"購物車按進去就卡住
根本沒辦法結帳",1,iOS,,zh
2024-05-08,Ray JK,已經在爛了，現在還改手機認證，一定是生意太好了,1,Android,"Hej, 謝謝你願意花時間讓我們知道你遇到的問題，我們將請相關單位持續優化APP，謝謝。",zh
2024-05-07,Alix Shih,辦理註冊，手機驗證碼一直沒有發送，等了60秒要求重新發送驗證碼，還是都不發送，版本更新後再試，問題還是一樣存在，經確認電話號碼填寫無誤,1,iOS,,zh
2024-05-07,Steffi Chou,超爛，一直要求綁定，綁了365次還是顯示未綁定,1,Android,"Hej, 謝謝你願意花時間讓我們知道你遇到的問題，我們將請相關單位持續優化APP，謝謝。",zh
2024-05-06,Kikilichy,"輸入電話顯示要輸入信箱，寫完信箱又顯示，
請輸入有效的電子信箱，手機驗證通過，信箱也無誤",2,iOS,,zh
2024-05-05,AJU99,不要再給罐頭回覆給點成效,1,iOS,,zh
2024-05-05,vincent0080,搜尋的排序像是上個世紀的設計。都用app了，產品內容的載入還這麼慢，體驗比官網還差（官網也是夠爛的）,1,iOS,,zh
2024-05-05,jack ko,無法載入,2,Android,"Hej, 謝謝你願意花時間讓我們知道你遇到的問題，我們將請相關單位持續優化APP，謝謝。",zh
2024-05-02,ChengShiun Shiue,購物車物品會消失，怕被買嗎,1,Android,"Hej, 謝謝你願意花時間讓我們知道你遇到的問題，我們將請相關單位持續優化APP，謝謝。",zh
2024-05-01,Jeff Kao,一個完全不知所云的 app. 手機驗證程序亂七八糟， 還要我更改密碼；個人帳戶更改跳到企業帳戶登入頁，沒綁信用卡就算了，連會員條碼都沒有，完全看不出來這app 有什麼用。,1,Android,"Hej, 謝謝你願意花時間讓我們知道你遇到的問題，我們將請相關單位持續優化APP，謝謝。",zh
2024-04-28,Kaiting yang,登入問題，一直重複驗證，到底要驗證幾次才能使用？不想讓人線上購物，就把app刪除吧！！！,1,iOS,,zh
2024-04-25,Wang Louis,太爛了，這真的是官方程式嗎？,1,Android,"Hej, 謝謝你願意花時間讓我們知道你遇到的問題，我們將請相關單位持續優化APP，謝謝。",zh
2024-04-24,Ryanlee 0506,使用體驗最差不過如此，感覺就是不想要客人消費,1,iOS,,zh
2024-04-21,陳宜琴,一直無法登入會員 說手機沒驗證 點了驗證又說要找櫃檯是怎樣 很爛,1,Android,"Hej, 謝謝你願意花時間讓我們知道你遇到的問題，我們將請相關單位持續優化APP，謝謝。",zh
2024-04-20,鄭丞宏,已手機驗證卻一直顯示無驗證,1,Android,"Hej, 謝謝你願意花時間讓我們知道你遇到的問題，我們將請相關單位持續優化APP，謝謝。",zh
2024-04-17,mmilotw,請使用不同字串或關鍵字再試一次,1,iOS,,zh
2024-04-17,Larry Lai,認證根本鬼打牆，原本跟電腦互通使用的現在電腦上挑好東西登入不了，手機也沒辦法改認證，要買東西要拿手機對著電腦下訂單，真服了我去別的地方買就是了,1,Android,"Hej, 謝謝你願意花時間讓我們知道你遇到的問題，我們將請相關單位持續優化APP，謝謝。",zh
2024-04-16,Hanteen Lin,顯示速度太慢了！等得心累！明明收到補貨通知，點進來又變成缺貨！想試算含組裝及運費的價格，偏偏遇缺貨又不能加入購物車！超級難用～,1,Android,"Hej, 謝謝你願意花時間讓我們知道你遇到的問題，我們將請相關單位持續優化APP，謝謝。",zh
2024-04-16,蕭蹦,用手機號碼無法登入 ，這到底怎麼設計的,1,Android,"Hej, 謝謝你願意花時間讓我們知道你遇到的問題，我們將請相關單位持續優化APP，謝謝。",zh
2024-04-15,林翊涵,有夠難用無敵難用,1,Android,"Hej, 謝謝你願意花時間讓我們知道你遇到的問題，我們將請相關單位持續優化APP，謝謝。",zh
2024-04-14,Leo Yang,更新會員資料送出 不斷錯誤重新填寫 APP畫面也無法直覺的確認帳號到底完成更新與否 綁定後 連QR Code 或 載具 都沒有辦法 到底怎麼能自我宣稱為環保企業 擺明不是要服務顧客 只是想藉由更新帳號 蒐集客戶基本資料跟家庭成員！ 差到不行的體驗,1,Android,"Hej, 謝謝你願意花時間讓我們知道你遇到的問題，我們將請相關單位持續優化APP，謝謝。",zh
2024-04-14,搶高鐵票是不是,不知道為何這麼大一家公司能把app做得這麼差,1,iOS,,zh
2024-04-13,Youzheng Huang,真的很當機,1,Android,"Hej, 謝謝你願意花時間讓我們知道你遇到的問題，我們將請相關單位持續優化APP，謝謝。",zh
2024-04-11,Issue,購物車一直是錯誤畫面，想線上買東西都沒辦法🥲,1,Android,"Hej, 謝謝你願意花時間讓我們知道你遇到的問題，我們將請相關單位持續優化APP，謝謝。",zh
2024-04-09,AaronCheng1992,喔喔！好像有點問題,1,iOS,,zh
2024-04-08,cy Liu,這個app真的是我用過的線上購物app裡面數一數二難用的,1,Android,"Hej, 謝謝你願意花時間讓我們知道你遇到的問題，我們將請相關單位持續優化APP，謝謝。",zh
2024-04-06,介面待改進,"UX設計極爛
登入輸入帳密等無限輪迴
連最基礎的登入都這麽不友善
登入後估計更慘",1,iOS,,zh
2024-04-05,Debby Sung,打開無限載入中 = =,1,iOS,,zh
2024-04-04,Jimmyhu77,産品搜尋非常難用，只能依照分類，分類也不好搜；結帳還算順利，但宅配送貨要5個工作天，大概落後電商環境十年,1,iOS,,zh
2024-04-04,李育緯,又爛又難用，反直覺的設計，時常出現錯誤畫面，不明白一間這麼有規模的企業怎麼有辦法設計出這麼低端的應用程式,1,Android,"Hej, 謝謝你願意花時間讓我們知道你遇到的問題，我們將請相關單位持續優化APP，謝謝。",zh
2024-04-03,Chou,這是一個整人的app嗎？要更新電話號碼卻無法收到手機驗證碼，程式設計師要加油了，如果能力不到，是不是換一位程式設計師來撰寫這個app。,1,Android,"Hej, 謝謝你願意花時間讓我們知道你遇到的問題，我們將請相關單位持續優化APP，謝謝。",zh
2024-04-02,劉盲,App真的是爛的可以，有夠難操作，還常常結不了帳，要不然就是出現空白打不開,1,iOS,,zh
2024-03-30,Gatorhsu,"已經在登入狀態下，不管是要儲存喜愛商品還是加到購物車，都顯示要先登入
重新輸入後，又顯示電子信箱無效（那收到你們的電子郵件是怎麼回事？）
以為官方App重新上架後會比較好用，但完全是個大失望😡",1,iOS,,zh
2024-03-27,小橘不知道,"訂單一直未處理
也沒有客服管道
也看不到大概配送時間
所以我要空等到什麼時候",1,iOS,,zh
2024-03-27,Sean C,一直叫我手機驗證也收不到簡訊,1,Android,"Hej, 如果有任何問題歡迎聯繫客服，IKEA客服電話： 412-8869(手機+02)",zh
2024-03-25,Hsieh Changlin (Gianluigi),登入顯示email錯誤，重新綁定跳到404的line頁面，這樣還要趕328上線…,1,Android,"Hej, 如果有任何問題歡迎聯繫客服，IKEA客服電話： 412-8869(手機+02)",zh
2024-03-15,fatgoose2000,"無限廻圈，是趕走客戶的最佳手段
還給不給人用啊！",5,iOS,,zh
2024-03-11,09ken,非常卡頓，我用iphone 15 pro max ，購物體驗極差,1,iOS,,zh
2024-03-11,被龍蝦咬,"沒用過這麼爛的App,",1,iOS,,zh
2024-03-09,陳宥中,app內是否顯示會員卡,1,Android,"Hej, 謝謝你願意花時間讓我們知道你遇到的問題，我們將請相關單位持續優化APP，謝謝。",zh
2024-03-08,Air,手機認證都收不到阿 也照官網確認沒開啟企業簡訊阻擋了阿,1,Android,,zh
2024-03-03,robin bo-hung Chen,真的好難用，一直跳出,1,iOS,,zh
2024-03-03,Yu Ting Shih (樹里),Line也跳不過去，也沒有可以直接開會員條碼的地方，在網路滿格的地方商品頁面也開不太出來，真的要加油欸。,1,Android,"Hej, 謝謝你願意花時間讓我們知道你遇到的問題，我們將請相關單位持續優化APP，謝謝。",zh
2024-03-03,冠綸,會員無法使用 忘記密碼有沒有收到簡訊請處理,1,Android,"Hej, 如果有任何問題歡迎聯繫客服，IKEA客服電話： 412-8869(手機+02)",zh
2024-02-25,BlueTear,跑超慢,1,Android,"Hej, 謝謝你願意花時間讓我們知道你遇到的問題，我們將請相關單位持續優化APP，謝謝。",zh
2024-02-24,Pei Yu Tu,到底要驗證身份幾次？確認是卡友還是無法開啟，解除安裝,2,Android,"Hej, 如果有任何問題歡迎聯繫客服，IKEA客服電話： 412-8869(手機+02)",zh
2024-02-23,lo-we Lee,驗證碼一直發不出來，又一堆重複資訊要填寫。已經是會員，弄了半小時還無法登入。,1,Android,"Hej, 如果有任何問題歡迎聯繫客服，IKEA客服電話： 412-8869(手機+02)",zh
2024-02-21,Angela Kao,怎麼可以這麼難用，每次打開購物車都說沒資料，轉半天，加入我的最愛也是沒資料。😑,1,Android,"Hej, 謝謝你願意花時間讓我們知道你遇到的問題，我們將請相關單位持續優化APP，謝謝。",zh
2024-02-20,RYAN LI,請問滿額集點兌換贈品活動不辦了嗎?久久都沒有更新了,1,Android,,zh
2024-02-19,Yuan J.,下單完才知道物流狀態根本無法查詢，爬文看到有網友買下單5天後仍沒收到貨，早知道就不買了。,1,Android,,zh
2024-02-17,heat5min,庫存設定分店：庫存總是先顯示線上購物的庫存，然後自己得改到想查詢的分店看庫存。如果看另一個產品那就又得改分店。不能在App裡設定自己常用的分店嗎？,4,Android,,zh
2024-02-16,不太好连上,關鍵字搜索幾年來都很難用,1,iOS,,zh
2024-02-15,Wei Lin,使用體驗很差，購物後評價使用體驗選不滿意跳到404，根本是工程師在搞鬼，已經下單，帳戶還顯示0個訂單處理，web跟app不能同時開購物。,1,Android,,zh
2024-02-13,queenmylife,宅配選擇地址部分已選帳單地址但無法順利下單、更該區域甚至搜尋不出東西,1,iOS,,zh
2024-02-12,Eddie,永遠收不到的手機驗證碼/ 已解決，只能從電腦版網頁去取得手機驗證碼,3,Android,"Hej, 謝謝你願意花時間讓我們知道你遇到的問題，為了確認你遇到的狀況，請來信至: onsales@ikea.com.tw提供帳戶資訊，我們將協助為你處理，謝謝。",zh
2024-02-07,fuyeeeeeeeeeeeeeeeeee,今天要登入一直顯示手機號碼未驗證 進入驗證畫面以後又顯示手機號碼已綁定 今天以前都不會這樣！不知道為什麼每次數位產品來到台灣就變得很爛！經費不足還是怎樣真的不懂 什麼宜家卡升級根本是降級,1,iOS,,zh
2024-02-04,Yen.Chih.Huang,"不能改帳單地址又是哪招？
只能新增地址
不讓人搬家嗎？",1,iOS,,zh
2024-01-30,He200322,如題,3,iOS,,zh
2024-01-29,陳芊羽,原本說已經成為卡友，結果又沒有，還一直跳掉,1,Android,"Hej, 謝謝你願意花時間讓我們知道你遇到的問題，為了確認你遇到的狀況，請來信至: onsales@ikea.com.tw提供帳戶資訊，我們將協助為你處理，謝謝。",zh
2024-01-28,張ktoxox,反應很慢很lag,2,iOS,,zh
2024-01-19,Max T.,“我的最愛”商品排序，希望可以按收藏日期新/舊排序。,4,Android,"Hej, 謝謝你願意花時間讓我們知道你遇到的問題，我們將請相關單位持續優化APP，謝謝。",zh
2024-01-19,劉小櫻,卡卡的，一直轉圈圈,5,Android,"Hej, 謝謝你願意花時間讓我們知道你遇到的問題，我們將請相關單位持續優化APP，謝謝。",zh
2024-01-08,兔紙 TuZih,我在APP已經登入了，修改資料還要跳轉到網頁輸入身分證跟生日再驗證一次，填好送出又顯示錯誤要找客服，拜託一下，我只是要改個地址而已欸，你們的工程師這樣不行哦,1,iOS,,zh
2024-01-08,I’m Wesley,"Hej, 你們的網站會員系統很有問題，重設密碼時，輸入18碼的密碼，跳錯誤訊息，說我的密碼長度不足6碼，是在Hej? 好不容易成功重設密碼之後，登入時跳出帳號密碼錯誤，三次都是同樣的結果，是在Hej?",1,iOS,,zh
2024-01-04,ernie tang,十分建議宜家高層實際使用該APP體驗一下購物流程，十分糟糕的購物體驗，進去購物車載入超級久，久到懷疑人生，甚至直接去店面買比較快了（還是其實就是要消費者去店面購買）。,1,Android,"Hej, 謝謝你願意花時間讓我們知道你遇到的問題，我們將請相關單位持續優化APP，謝謝。",zh
2023-12-31,Leeyifrank,不能根據先後時間，價格，類別，來做排序，預設排序是亂排根本沒有任何邏輯，超級難找。產品經理是沒有網購過嗎？上線前沒測試過嗎？,2,iOS,,zh
2023-12-30,郭薔,不是難用，是不能用。,1,Android,"Hej, 謝謝你願意花時間讓我們知道你遇到的問題，我們將請相關單位持續優化APP，謝謝。",zh
2023-12-28,。哈哈421463,真的跑很慢，等到都不想買了,1,iOS,,zh
2023-12-27,Alicia Tseng,要升級成line好友，連結卻無法開啟Line，然後回首頁也是就選單而已，沒有其他內容嗎？完全不清楚這個app的用途，上網頁跳出要下載，以為是可以在app上選購，但看起來不是，下載有點浪費時間。,1,Android,"Hej, 謝謝你願意花時間讓我們知道你遇到的問題，為了確認你遇到的狀況，請來信至: onsales@ikea.com.tw提供相關資訊，我們將協助為你處理，謝謝。",zh
2023-12-27,Chris Chang,又慢又爛,1,Android,"Hej, 謝謝你願意花時間讓我們知道你遇到的問題，我們將請相關單位持續優化APP，謝謝。",zh
2023-12-25,黃獻龍,無法跟世界接軌嗎？為什麼單獨一個宜家台灣？,3,Android,,zh
2023-12-25,DoubleTouch,辦好帳號，無此帳號，重辦，此電話信箱已使用,1,Android,"Hej, 謝謝你願意花時間讓我們知道你遇到的問題，為了確認你遇到的狀況，請來信至: onsales@ikea.com.tw提供帳戶資訊，我們將協助為你處理，謝謝。",zh
2023-12-19,譚潤華,換頁太慢,4,Android,"Hej, 謝謝你願意花時間讓我們知道你遇到的問題，我們將請相關單位持續優化APP，謝謝。",zh
2023-12-17,神與小丑,爛死了是要多卡，分店貨架功能還沒辦法顯示,1,Android,"Hej, 謝謝你願意花時間讓我們知道你遇到的問題，我們將請相關單位持續優化APP，謝謝。",zh
2023-12-15,Hi海哥,從10月更新版本到現在，不論Android或iOS，啟動app之後30分鐘還在載入中，很爛，算了，刪除不用！,1,iOS,,zh
2023-12-15,Higo Hsu,從10月更新版本到現在，不論Android或iOS，啟動app之後30分鐘還在載入中，很爛，算了，刪除不用！,1,Android,,zh
2023-12-11,陳家豪,無法使用 結帳就閃退,1,Android,"Hej, 謝謝你願意花時間讓我們知道你遇到的問題，我們將請相關單位持續優化APP，謝謝。",zh
2023-12-10,Meatball3127,叫人家多使用線上訂餐 結果App裡面根本沒有可以按的 上網搜尋也是導回App 結果根本連結不到點餐畫面 是在開玩笑嗎？ 什麼奇怪的服務 線上訂餐都是講假的 根本沒有這個功能,1,iOS,,zh
2023-12-09,范晏寧,永遠都在載入中，怎麼樣都跑不出內容,1,Android,"Hej, 謝謝你願意花時間讓我們知道你遇到的問題，我們將請相關單位持續優化APP，謝謝。",zh
2023-12-07,熟鴨,哪個天才做出這種無直覺的爛介面？,2,Android,"Hej, 謝謝你願意花時間讓我們知道你遇到的問題，我們將請相關單位持續優化APP，謝謝。",zh
2023-12-05,楊佳真,傻眼,1,iOS,,zh
2023-12-05,WK,有夠難用 登不進去,1,Android,"Hej, 謝謝你願意花時間讓我們知道你遇到的問題，我們將請相關單位持續優化APP，謝謝。",zh
2023-12-01,yu yu,瘋狂當機打不字……,1,Android,"Hej, 謝謝你願意花時間讓我們知道你遇到的問題，我們將請相關單位持續優化APP，謝謝。",zh
2023-11-29,Boris yee,爛 連登入都登不進去,1,Android,"Hej, 謝謝你願意花時間讓我們知道你遇到的問題，我們將請相關單位持續優化APP，謝謝。",zh
2023-11-28,KQ Y,下載好APP要辦卡，填寫完EMAIL欄位後，一直無法進行下一步，請改善,1,Android,"Hej, 謝謝你願意花時間讓我們知道你遇到的問題，我們將請相關單位持續優化APP，謝謝。",zh
2023-11-27,Staronocean,"沒用過這嘛難用的註冊系統 麻煩 複雜 又無法註冊
都2023年了 還在用20年前的註冊方法？
拜託一下 你們是ikea 全台灣最好的品牌之一
卻是 全台灣最爛的註冊系統",1,iOS,,zh
2023-11-19,邱亮穎,有夠難用，各種跳開，各種轉,1,Android,"Hej, 謝謝你願意花時間讓我們知道你遇到的問題，我們將請相關單位持續優化APP，謝謝。",zh
2023-11-18,Motoko Mei (素子迷),東西加入購物車但切至購物車頁面不斷轉圈無法顯示,1,Android,"Hej, 謝謝你願意花時間讓我們知道你遇到的問題，我們將請相關單位持續優化APP，謝謝。",zh
2023-11-17,Willy,按一個登入等了半小時，優質APP,1,Android,"Hej, 謝謝你願意花時間讓我們知道你遇到的問題，我們將請相關單位持續優化APP，謝謝。",zh
2023-11-15,iamam20,terrible lag while use app,1,iOS,,en
2023-11-14,jericho hsiao,為什麼會自動清空我的購物車，花了整天時間找來的商品，過了一晚全部被清空，不要給你們家買了，浪費時間。,1,Android,,zh
2023-11-10,張哲瑋,商品滑到一半都會突然跑圈圈 然後回到最上層==,1,Android,,zh
2023-11-09,Owen_Pan,效率極差，帳號密碼無法登入2023/11月了問題一直還在。,1,iOS,,zh
2023-11-09,Sh gabi,"1. 查詢分店庫存僅顯示提示標語，完全沒有分店名稱和庫存列表
2.會員無法登入
3.購物車loading過久

還沒完成就上線是想要由會員幫忙debugging 嗎？體驗非常非常差",1,iOS,,zh
2023-11-08,詹永傑,最新版本釋出更新完畢後，無法使用掃描條碼搜尋商品資訊功能。,5,Android,,zh
2023-11-08,愛許願,沒用過反應這麼慢的線上購物平台。,1,iOS,,zh
2023-11-06,撒隆巴絲,畫面操作時容易卡頓，一卡就卡10幾秒，而且一直無法登陸,3,iOS,,zh
2023-11-05,Isami H,非常不友善不便利不好用的的app 實體卡無法綁定app會員 查不到會員信箱 無法更改個人資料 重新註冊卻說已註冊會員 每個需要填寫身分證及信箱的畫面 一填寫完畢按送出後就整個畫面當機 不優真的不優的程式,1,Android,"Hej, 謝謝你願意花時間讓我們知道你遇到的問題，我們將請相關單位持續優化APP，謝謝。",zh
2023-11-05,makaylachiu,每個連結轉換，跑速慢，購物車跑了5分鐘都還跑不出來…,2,iOS,,zh
2023-11-05,Lillian Lin,篩選功能光是選一個高度就給你轉上一分鐘，都設定完已經過了好久，結果篩選不到商品，改只設定一個條件$20000以下，居然一樣跳出要我用不同關鍵字再試一次，讓人很不想在這買東西！很怒！立馬刪app,1,Android,"Hej, 謝謝你願意花時間讓我們知道你遇到的問題，我們將請相關單位持續優化APP，謝謝。",zh
2023-11-03,李米,網頁總是非常慢,2,Android,"Hej, 謝謝你願意花時間讓我們知道你遇到的問題，我們將請相關單位持續優化APP，謝謝。",zh
2023-10-31,Amber tai,"最近版本 完全無法登入麻煩改善一下
另外提供宜家卡及企業卡給使用者選擇
留的email是同一組情況下 即使選擇企業卡在進行登入 卻會強制變成宜家卡身分？
沒有特別註明容易造成企業卡會員困擾也無法使用優惠 或要另外改資料
如果是系統bug 建議修復或新增提示訊息",1,iOS,,zh
2023-10-29,何瑋翎,需更新商品所有價格,3,Android,,zh
2023-10-28,bfcs bfcs,連會員條碼都看不到的官方app???,1,Android,,zh
2023-10-26,shiuan shiou,一直當在那裡無法使用，點一個選項都需要等很久，這樣是要如何線上購買？,1,Android,"Hej, 謝謝你願意花時間讓我們知道你遇到的問題，我們將請相關單位持續優化APP，謝謝。",zh
2023-10-22,customer_customer,1.已下訂並完成付款，在帳戶資訊的「訂單」列表，卻顯示「0訂單處理中」，要點進去才看到有一張訂單。 2.該訂單明明已付款並包含4樓搬運費用，在訂單下方的付款明細中，卻只顯示產品費用、運費、組轉裝費用、總額。前三項加總並不等於總額，就是少了樓層搬運費的明細。 3.申請帳號過程中，一再出現email地址與宜家卡不合，最後發現僅是因為大小寫不同。（email大小寫並沒有差別吧？）。因並無說明錯誤原因，以致申請過程非常不順利，不知道問題出在哪裡。4已完成購物，購物車卻還保留已結帳的產品，還需要消費者一個一個刪掉才能進行下一張訂單。,1,iOS,,zh
2023-10-22,Y Y,很爛的系統,1,Android,,zh
2023-10-22,Stephen TW,沒見過這麼差的會員設計,1,iOS,,zh
2023-10-21,薛丁格的貓,卡友無法認證Line帳號，註冊一直沒過 爛,1,Android,,zh
2023-10-18,不能翻轉阿,我是不懂弄個會員卡是要多麻煩，好 我去網頁申請完，然後在綁定都沒問題，然後app裡面沒有會員條碼跟QR CODE之類東西，原來是還要申請數位卡，好笑的是還要透過LINE去申請，申請確給我說無法取得我的登入資訊，前面步驟就已經讓人疲勞了，我隨便載個美食集團app再申請會員，都不可能這麼費工。,1,iOS,,zh
2023-10-16,Jean Hello?,"給IKEA網路訂購中心，非常爛、沒有責任感
沒送貨不用通知？客服也聯繫不到

我這邊是租屋仲介，幫外國租客訂了床組
晚上的時間區段只能選5-9點
司機5點打來跟我說他到了
我跟他說我客人下班要7點後才會到，他說好
結果7點我打給他，他說他今天不會送了
明明送貨時間就是5-9點之間
重點是客服也沒打給我通知？！！
然後一個那麼大的公司
送貨時間到9點
客服6點半就下班了完全聯繫不到
沒送貨過來不用打來通知？！

IKEA線上訂貨的司機和客服素質非常差
請大家注意",1,iOS,,zh
2023-10-14,Hansen Chien,比網頁還難用的程式之一，而且狀態的訊息可能是不正確的,2,Android,,zh
2023-10-13,Ashley Bai,結帳結了五次還沒成功，瀏覽商品頁面也是跑得超級慢，如果想要做網路生意，請加油好嗎？這樣的速度真的讓人很沒耐心,1,iOS,,zh
2023-10-11,Hou-Yi Lee,申請會員帳號的過程，app卡到爆炸,1,Android,,zh
2023-10-10,rileied,頁面設計美觀，但使用起來阻礙重重，網頁還比較好用,2,iOS,,zh
2023-10-09,陳小喵,1.購物車常常查無商品，要更新很多次才能顯示。 2.APP的顯示速度很慢。 3.希望APP能查看購物清單。,3,Android,,zh
2023-10-05,Enya Chen,我超少留負評，但這個app真的慢得要死，優惠券跳半天跑不出來,1,Android,,zh
2023-10-04,吳銘宗,不知道在鬼打牆什麼的，帳號密碼忘記要我去更新資料，更新後再輸入忘記密碼還是說我帳號未認證要去更新資料？難怪評價連三顆星都不到…,1,Android,,zh
2023-10-04,許 Hsu泓儒 Ruken,很好的資訊 準備訂購床鋪 謝謝,5,Android,,zh
2023-10-02,meng yen wu,帳號密碼正確但是一直顯示錯誤,1,Android,,zh
2023-09-28,AB Tester,非台灣國籍人士，有Ikea會員，並不能使用此A P P,1,iOS,,zh
2023-09-27,plaaka,真的很傻眼，一直閃退，而且還會頻閃，用iphone這麼久第一次遇到這種app,1,iOS,,zh
2023-09-27,JISHA LEE,9/27：如果不是我自己追蹤，這張單還是會跟上一次一樣。9/21下單，9/24才給我訂單確認，9/26才出貨，我去詢問之後才給我訂單確認，出貨又花了兩天，兩件小東西，一個禮拜還收不到！app上也看不到進度。請問app是幹嘛的？然後你們做事的速度跟真的如同歐洲人一樣慢慢慢嗎？（舊：4/19下單一筆含運費197元的訂單，遲至今日才看到訂單確認？然後又說已經出貨了？詢問為什麼不處理訂單，也沒有得到回覆！是怎樣？訂單金額太少，不屑處理嗎？一顆星都不想給！）,1,Android,"Hej, 謝謝你願意花時間讓我們知道你遇到的問題，為了確認你遇到的狀況，請來信至: onsales@ikea.com.tw 提供訂單編號，我們將盡速為你確認。謝謝。",zh
2023-09-25,Hong Shihan (E50),Ikea,3,Android,,unknown
2023-09-20,猜火鍋,線上購物寄來後會缺少商品,1,iOS,,zh
2023-09-17,selina翎,網頁版無法搜尋，用App根本打不開⋯,1,iOS,,zh
2023-09-10,TerbieLiu,"有會員，但怎麼也無法登入進去，只好用訪客模式購買。
第一次信用卡連線扣款失敗，先前填的所有資料都消失，沒有設置「換個付款方式？」的路徑，只好全部資料重填（姓名、Email、手機、地址、運送方式等）；第二次，換了張信用卡，但Mastercard 點成VISA，按上一步的按鈕，一樣全部重填；第三次才成功。
這個App的容錯率也太低了吧，一有失誤，完全無法回到上一步，所謂：步步為營。",1,iOS,,zh
2023-09-07,daniel1420,"1、目前沒有支援安全登入
2、有些項目點進去沒反應，例如我想看層架組，有的可以看，有點沒反應
3、跟網頁版不同步，我在網頁版已經結帳完成，app的購物車還有我要買的產品，得一個一個刪除。
4、app讀取訊息很慢，也沒有其他選項可以把訊息設定成已讀，就算看過，總訊息數目也不會變少
5、看過往訂單都在轉圈，網頁版一點就有
和有其他細部的問題，請你們完善這個app，不然還不如用網頁版。",3,iOS,,zh
2023-09-05,小林 NO.5,App 根本不能使用 閃退,1,iOS,,zh
2023-09-04,下單爸爸,綁定完登入一直跑圈圈 無反應 app真的做的很糟,1,iOS,,zh
2023-09-02,寧80790,有夠爛的app，一直轉圈圈啥也看不到,1,iOS,,zh
2023-08-31,Ann5340,通知的部分無法選取「全部閱讀」,4,iOS,,zh
2023-08-31,xiaxia0220,沒辦法線上購物，差！,2,iOS,,zh
2023-08-28,ANN,會員查個密碼也無法，有夠爛,1,Android,"Hej, 謝謝你願意花時間讓我們知道你遇到的問題，為了確認你遇到的狀況，請來信至: onsales@ikea.com.tw提供帳戶資訊，我們將協助為你處理，謝謝。",zh
2023-08-27,皇家商,"1.帳戶裡面的通知要增加「全部已讀」的功能
2.要在首頁的地方增加「會員條碼」的功能給店員刷，不然會員條碼還要打開另外的app Line給店員刷？
3.要在第2點「會員條碼」的地方新增「手機條碼」
4.速度還可以是沒有到很慢，就是往上滑往下滑會卡一下卡一下",4,iOS,,zh
2023-08-25,阿瑞（Verey fat）,"剛下載加入註冊，app通知1113條通知整個卡住，智障app,",1,Android,,zh
2023-08-25,原味咖哩棒,要申請宜家卡時填資料，輸入手機號碼後就卡住了，只能回上一頁,1,Android,"Hej, 謝謝你願意花時間讓我們知道你遇到的問題，為了確認你遇到的狀況，請來信至: onsales@ikea.com.tw提供帳戶資訊，我們將協助為你處理，謝謝。",zh
2023-08-23,斗斗兒,最近才下載的，帳號密碼都沒錯，就只看到登入小點點一直跳，完全登不進去,1,iOS,,zh
2023-08-21,🤬別問,想要登入後才發現當初e-mail資料填寫錯誤，請問是否能夠更改？,5,iOS,,zh
2023-08-21,opqqwe,"每次想看有什麼新品 app都找不到
都要去網路查詢點連結才會到APP
想問真的有試用過這個程式符合客人的需求嗎？",1,iOS,,zh
2023-08-19,陳宗昇,應該要懲罰所有ikea員工QA這個App一整天，難用到懷疑人生，買兩個小東西花了一個小時的時間，使用錯的支付方式還不能取消訂單,1,Android,,zh
2023-08-15,Jannie3333,寫資料程式一直不動，有點爛,1,Android,,zh
2023-08-11,Sam Tsai,已是卡友且綁定官網，app還是顯示無效帳號,1,Android,,zh
2023-08-11,把爺,"你們是花50元外包給國中生寫的嗎？
一堆Bug、超級卡頓、還有上千封訊息根本打不開，
本以為花旗銀行App爛到出名就是我用過最爛的App了，沒想到IKEA居然還略勝一籌，厲害啊厲害

這種App建議不要再Maintain了，砍掉重練比較快啦，放上去給使用者用也是被罵而已。",1,iOS,,zh
2023-08-09,Enzoˊ_>ˋ*,"慢就算了還一堆漏洞
購物車app/網頁版不同步
app連結404(Page not found )
集點卡兌換也陷入跳轉鬼打牆",1,iOS,,zh
2023-08-08,一直逆稱重復*,什麼時候更新訊息一件閱讀還有刪除舊資訊,2,iOS,,zh
2023-08-07,Jack Lee,不穩定，沒法登入。,3,Android,,zh
2023-08-07,蔡坤益,註冊申請會員 太難...是我網路太爛還是 你們公司的伺服器太爛....除了卡還是卡,1,Android,,zh
2023-08-05,takedazii Chang,很難用，首先是境外不給刷卡，刷卡失敗後就不能處理了，卡三筆訂單在那邊無法刪除也無法處理。,2,Android,,zh
2023-08-05,吳峰峰,笑死，打完手機，開始卡畫面，真的太遜了,1,Android,,zh
2023-08-04,RuRu Fan,系統設計有問題，辦帳號無法設密碼一直重複無限迴圈，直接放棄，上來看評論發現很多因為都這樣給負評....非常不好用的app,1,Android,,zh
2023-07-28,Richard Yu,整個操作上可以再加強流暢度，加入品項後，居然沒有辦法在第一時間內顯示已經加入購物車的品項，還需要更新個幾次才出現，看到舊有的品項出現，看來應該是後台處理資料速度的問題，麻煩向PCHOME、MOMO、蝦皮購物這些業者看齊。 另外，更改品項數量的時候，建議改用下拉式選單，不然，每加一個就要等待更新一次，整體使用體驗其實蠻糟糕的。唯一可取之處，大概就是登入後，帶入會員資料蠻迅速、對於取貨地點的預判這一塊，可以加分。 加油吧！,3,Android,,zh
2023-07-25,喵小月,好當哦！ 辦個會員得要重開多次 怎麼這麼當！,1,Android,,zh
2023-07-24,張學娣,照著步驟填資料、app登入顯示不是會員，重新再次用又顯示已經是會員。到底怎麼樣？爛透了。還是去現場買，第一次app爛透了。比賣場糟糕,1,Android,,zh
2023-07-22,Silas Liang,通知無故出現數千筆未讀，一一按下後最終還是顯示一筆未讀，還無法一次刪除，是在捉弄人嗎？,2,Android,,zh
2023-07-21,Bambishika,"輸入帳號密碼登入運轉速度堪稱輪迴
忘記密碼功能直接沒反應
宜家這麼大的公司，這app真的可以回收了
可以公布一下那家公司開發的嗎？",1,iOS,,zh
2023-07-20,Han,連會員條碼都沒有，啊裝這個是裝辛酸的哦？爛到丟臉你們不覺得嗎？,1,Android,,zh
2023-07-19,鴨馬鹿,如題，各家廠商、購物平台的APP都有會員條碼功能，以利客戶直接開條碼給店員掃描，但貴司長期都不願設計此功能，導致結帳速度緩慢，還要開Line的好友才能掃會員條碼，很跟不上時代，難怪APP評價那麼低，好像沒有要吸引客戶使用APP的動機和意圖。,1,iOS,,zh
2023-07-15,Breakryu,"點選忘記帳號，輸入身分證及生日，進去顯示我的郵件
點選忘記密碼，輸入身分證跟郵件帳號，畫面顯示身分證帳號與郵件不匹配，連登入都無法，推廣啥？",1,iOS,,zh
2023-07-12,Peng1982,"為何從app使用宜家卡的身分證字號與電子信箱無法登入？使用官網登入就可以？

還有我是卡友同時也是官網會員有什麼關係嗎？能不能把同一個人的帳號合併？然後一直要人去更新資料也沒用，光是登入就浪費1小時，還是無法使用直接刪掉app真的不要開發這樣的東西就上架好嗎？",2,iOS,,zh
2023-07-08,吐司貓,只想紀錄一下想買什麼，一直鬼打牆要辦卡，好了後又不給設定密碼，又無法登入？？？？,1,Android,,zh
2023-07-08,Yogi Chou,設新帳號，收到確認電郵，已經設定密碼確認，但是仍無法登入。選了忘記密碼，重新設定密碼還是一樣：「用戶名稱和密碼無效」，無法登入。而且每一步驟都非常慢（超過15秒），不知道現在還有反應這麼慢的App，不知要怎麼登入使用了，就算了，不買了。非常不好用的App！,1,iOS,,zh
2023-07-07,Fengyi Lo,我覺得IKEA存心不想做網購，app太難用了,1,Android,,zh
2023-07-07,Ady Lin,要進行「卡友綁定官網會員」時，資料輸入後按確認送出，但卻毫無反應！,1,iOS,,zh
2023-07-04,莊景涼,煩雜,3,Android,,zh
2023-07-02,花澤田,想要進行帳號認證綁定官網會員，但畫面的根本不會跑，無反應過於遲鈍,2,iOS,,zh
2023-06-29,林群為,我喜歡看家具,5,Android,,zh
2023-06-27,iamttpc,"APP運作好慢跟IKEA官方網站一樣慢，每次使用都覺得很痛苦😭😭😭😭

期盼你們能改善🙏🙏",1,iOS,,zh
2023-06-26,周書弟（choushuti）,身心靈是3魂7魄最適合！何必太在意都當是休息！周書弟想存活到60歲以上後人類再死亡！ 今周書弟醒過來一點點查林鴻儒相關聯絡的靈魂鏡這次投胎人類已清楚事實真相於西元2004年7月以後同民國93年7月以後在台灣省新北市永和區中興路10巷5弄3號5樓房間101號‘’水泥雅房（是鋼筋水泥隔著每間房間共用馬桶衛浴設備）‘’是戶籍地址宜蘭市慈安路49巷35弄4號1到4樓一整棟透天厝的林鴻儒工作室老闆租江成業（台灣省警察之友協會及靈骨塔墳墓土地買賣老闆）持有的不動產給員工周書弟身心靈被遙控用酒精和火材盒共5秒內要找到後要打開大塑膠置物箱並點燃火燒蚊帳和棉被等並遙控擊碎天花板電燈監視器，周書弟不會放火燒死自己因解決不了為何自己要投胎成人類？因與林鴻儒不真愛我周書弟生不出小孩的問題，？但周書弟跟中和烘爐地廟內神明求會想要真愛自己的好男人才生的出小孩有父母的愛生養教育而自己愛養小孩不讓別人養，不然寧願自己周書弟打手槍，因從國小開始到東吳大學唸法律系夜間部大三87年暑假周書弟才真正的跟東吳大學商管學院資訊系日間部大三87年暑假林鴻儒在台北市中正區西寧南路219號2樓‘’木板雅房（是木板隔著每間房間共用馬桶,3,Android,,zh
2023-06-24,Rilakココ,垃圾app 操作無反應,1,Android,,zh
2023-06-15,Chloe Wu,如大家評分的一樣，APP非常慢,1,Android,,zh
2023-06-12,sunny🥰🥰🥰🥰,"不管刪掉重下載app還是重新關機
不管怎樣就是無法登入
講真的用到不想再用了
試了半年有了吧🥲",3,iOS,,zh
2023-06-12,Chi Ho,1. 在瀏覽器打開商品連結會直接導引到app，可是app開啟商品頁面速度比瀏覽器慢。 2. app裡沒辦法看到商品的顧客評價。 3. 有些商品瀏覽器找的到，但是app找不到。 目前的使用經驗覺得app實在是很多餘，希望可以改善,2,Android,謝謝你的評論，我們會將你的意見轉達給相關部門並持續進行優化。,zh
2023-06-05,Wen Cheng Liu,今天登入時輸入密碼錯誤，以為忘記密碼而選取密碼重設，但連結的畫面跟本無重新設定密碼的選項，致無法設定新密碼無法登入。,1,iOS,,zh
2023-05-29,小鹿麟子,填寫註冊資料與結帳流程容易卡頓 常常不知道是自己沒按到下一步還是系統在卡… APP適用度有待加強,3,Android,謝謝你的評論，我們會將你的意見轉達給相關部門並持續進行優化。,zh
2023-05-25,HoMix,爛貨運 值得我給第六顆星 送給你,1,Android,,zh
2023-05-23,婷0000123,要求我輸入密碼但根本從來都沒設定密碼過…直接串連到更新卡友資料的網站但沒設定密碼的選項，一直重複循環,1,iOS,,zh
2023-05-20,Jia Li,產品 窗簾的頁面無法顯示品項，請改善,3,Android,"Hej, 謝謝你願意花時間讓我們知道你遇到的問題，我們會將你的意見轉達給相關部門並盡速處理。謝謝。",zh
2023-05-17,阿黨老兄,登不進去 一直重複填寫資料,1,iOS,,zh
2023-05-11,steven,信用卡付錢超容易當機,1,Android,"Hej, 謝謝你願意花時間讓我們知道你遇到的問題，為了確認你遇到的狀況，請來信至: onsales@ikea.com.tw 提供操作影片或是截圖，我們會將你的意見轉達給相關部門並盡速處理。謝謝。
",zh
2023-05-08,張譽薰,狠棒,5,Android,,zh
2023-05-03,Together1717,登入已改善，補評分,5,iOS,,zh
2023-04-29,Chen 06 Chen,購物車按下一步根本無法結帳。,2,iOS,,zh
2023-04-27,Dante_ZXF,完全無法登錄捏,1,iOS,,zh
2023-04-26,C R,超爛，辦好會員還登不進去，要用line才可以，幹嘛還弄這個app傻眼,1,Android,"Hej, 謝謝你的評論，無法登入問題目前已修復，請將APP更新至最新版本(1.0.16)，成功登入請用五星好評給我們鼓勵，感謝你對IKEA的支持與熱愛。",zh
2023-04-25,sun kawa,你們網站註冊介面有問題吧 無論從瀏覽器還是APP註冊都會當掉,1,Android,"Hej, 謝謝你的評論，無法登入問題目前已修復，請將APP更新至最新版本(1.0.16)，成功登入請用五星好評給我們鼓勵，感謝你對IKEA的支持與熱愛。",zh
2023-04-24,Liang-Yu Chen,認證後輸入帳密完全無法成功登入，請儘速改善，因無法使用已移除程式,1,Android,"Hej, 謝謝你的評論，無法登入問題目前已修復，請將APP更新至最新版本(1.0.16)，成功登入請用五星好評給我們鼓勵，感謝你對IKEA的支持與熱愛。",zh
2023-04-24,kellymylv,一直陷在無法登入的循環,1,iOS,,zh
2023-04-24,alan0327,如題：這個app無法登入使用⋯⋯請問貴公司有要修復嗎？？？,1,iOS,,zh
2023-04-24,Encoreh48080,連登入都無法 給一顆星都太多了,1,iOS,,zh
2023-04-23,aderyuan,一直試著登入但進不去，試了很多天氣到不行，來評論區才發現大家都進不去，請趕快處理！謝謝,1,iOS,,zh
2023-04-23,跑哥支持者,超爛 登都登不進  還回覆 喔好像有點問題 什麼跟什麼….,1,iOS,,zh
2023-04-22,hhhhhhhann,篩選規格功能爛爆 一直等待然後當機,1,iOS,,zh
2023-04-21,✨吉 ✨,"帳號綁定之後要登入
試了好幾次都不行
一直跳出「喔喔 好像有些問題」的訊息",1,iOS,,zh
2023-04-19,是白米,設定好了帳戶密碼，卻一直登入失敗感覺不好用。,1,Android,"Hej, 謝謝你的評論，無法登入問題目前已修復，請將APP更新至最新版本(1.0.16)，成功登入請用五星好評給我們鼓勵，感謝你對IKEA的支持與熱愛。",zh
2023-04-19,zxc9003,無法登入,1,iOS,,zh
2023-04-19,jacques prevert,我看網頁都比app ok。大笑,1,Android,謝謝你的評論，我們會將你的意見轉達給相關部門並持續進行優化。,zh
2023-04-18,Joey Huang,初次使用，系統導到 email 驗證後，導到網頁設定帳密，再回到 app 後輸入帳密無法登入，一直轉圈圈後，彈出 popup: 喔喔，好像出了點問題,1,Android,"Hej, 謝謝你的評論，無法登入問題目前已修復，請將APP更新至最新版本(1.0.16)，成功登入請用五星好評給我們鼓勵，感謝你對IKEA的支持與熱愛。",zh
2023-04-16,hgffgjjjiiio,"1、無法登入
2、分類不直覺
3、速度真的慢（api重寫、伺服器更新⋯）
4、問題持續不改善（看到很多人反應相同問題）
5、客服回應處理不佳（無法登入還要用戶一一提供郵件才能解決，感覺不好）",3,iOS,,zh
2023-04-15,Kerker Ma,連登入都無法,1,Android,"Hej, 謝謝你的評論，無法登入問題目前已修復，請將APP更新至最新版本(1.0.16)，成功登入請用五星好評給我們鼓勵，感謝你對IKEA的支持與熱愛。",zh
2023-04-14,蔬菜頭,完全無法登入，試了好幾次，也過幾天再試，甚至也重新下載、重新開關機，依然無法登入。,1,iOS,,zh
2023-04-14,Ingrid,搞不懂到底幹什麼弄這麼複雜的原因,1,Android,,zh
2023-04-13,被標註的貼文,帳戶欄位一直無法登入，每次都要等待非常久,1,iOS,,zh
2023-04-13,帳號回來,"本來就是卡友
現在有綁定APP
說綁定完成
要跳回登入頁面
之後就完全登不進去
一直在那邊跳跳跳
出現「喔喔 好像有點問題」
我知道啊
登不進去啊！
那請問到底什麼問題？！
頁面跳的超慢
整個APP都超不順
到底在做什麼？",1,iOS,,zh
2023-04-13,陳屎蓋,一直無法登入成功，鬼打牆了,1,Android,"Hej, 謝謝你的評論，無法登入問題目前已修復，請將APP更新至最新版本(1.0.16)，成功登入請用五星好評給我們鼓勵，感謝你對IKEA的支持與熱愛。",zh
2023-04-13,PO CHUN CHEN,超爛，根本登入不了,1,Android,"Hej, 謝謝你的評論，無法登入問題目前已修復，請將APP更新至最新版本(1.0.16)，成功登入請用五星好評給我們鼓勵，感謝你對IKEA的支持與熱愛。",zh
2023-04-12,William -,登入等了2分鐘還是登不進去，厲害,1,Android,"Hej, 謝謝你的評論，無法登入問題目前已修復，請將APP更新至最新版本(1.0.16)，成功登入請用五星好評給我們鼓勵，感謝你對IKEA的支持與熱愛。",zh
2023-04-09,小婗萌丶,爛的要死 只是調個想要的高度而已 跑半天== 看來app也沒比較好啊,1,Android,謝謝你的評論，我們會將你的意見轉達給相關部門並持續進行優化。,zh
2023-04-05,dannys liu,"註冊一直失敗，說沒這個帳號， 一直重複要我輸入生日地址，鬼擋牆，沒法註冊，什麼事情都要去官網處理，裝這app幹嘛，另外一直要我綁定LLine,問題是連線Line的api一直錯誤，就永遠卡在那裡， 我直接放棄用ikea線上購物",1,Android,"Hej, 謝謝你的回饋，請聯繫線上客服為你確認: 412-8869(手機+02)",zh
2023-04-03,好東西當然抓一下啦！,"今天去新莊店 章魚填充玩偶說還有21個庫存
繞了2圈還問了現場工作人員 結果是缺貨的
後來用線上購物後 地址顯示不是我選的地址",1,iOS,,zh
2023-04-02,2000 alan,2023 4月2日下午4點在 IKEA新店購買特定款式産品.感謝自助倉儲區服務員李先生、嚴先生熱忱協助商品查詢訂購服務。,5,Android,,zh
2023-03-29,阿就宅咩,希望可以加入會員條碼功能，雖然用line會員是方便沒錯，不過因為line帳號不可多裝置登入的尿性，導致我時常無法出示line上的會員條碼，如果可以在app內加入會員條碼功能那會方便許多！,4,iOS,,zh
2023-03-28,傑米,超傻眼，我只是想找一個東西，進去跳針式的要填一堆資料，還要認證，還要填家人名字，還會無緣故跳出，真是爛到爆，ikea不是號稱服務至上的企業嗎？這種app作成這樣，都沒有高層知道嗎？放任繼續沉淪嗎？,1,Android,,zh
2023-03-26,Tim Wang,反應遲緩，實在不像2023年該有的水準,2,Android,"Hej, 謝謝你的回饋，我們會將你的意見轉達給相關部門並持續改進，感謝你對IKEA的支持與熱愛。

",zh
2023-03-26,Charlie Olee,希望可以整合Bar Code會員條碼，這樣會比較方便~,4,Android,"Hej, 謝謝你的回饋，我們會將你的意見轉達給相關部門並持續優化，感謝你對IKEA的支持與熱愛。

",zh
2023-03-25,大力丸,下載註冊卡在輸入生日，日按下去沒得輸入，有夠爛,1,Android,"Hej, 謝謝你的評論，無法登入問題目前已修復，請將APP更新至最新版本(1.0.16)，成功登入請用五星好評給我們鼓勵，感謝你對IKEA的支持與熱愛。
",zh
2023-03-23,Cfo Sj,有屁用,1,Android,,zh
2023-03-23,xi-cheng ho,無法登入加上各種bug，難用,1,Android,"Hej, 謝謝你的評論，無法登入問題目前已修復，請將APP更新至最新版本(1.0.16)，成功登入請用五星好評給我們鼓勵，感謝你對IKEA的支持與熱愛。",zh
2023-03-20,Chuck7666,這個app還是不好用…購物平台app這麼多了，能不能參考一下…,1,iOS,,zh
2023-03-19,Richard Li,購物車滿888，可是App的折扣碼沒法抵用…,2,Android,,zh
2023-03-17,Mustt Victor,帳戶->通知裡大約有1000封的未讀訊息，以前從電腦版網站登入都沒看到過這個選項，這倒底是哪個資料庫挖過來的？非常誇張！這是個非常嚴重的BUG！,1,iOS,,zh
2023-03-15,T K,千萬不要用，系統只誘導你購買結帳，後續什麼也查不到，然後要近一個月才拿得到你買的東西。超劣質的app與購物體驗。,1,Android,,zh
2023-03-14,還有話要說,訂單完全無法追蹤進度,3,iOS,,zh
2023-03-14,mosterjack,希望有一鍵全已讀功能,3,iOS,,zh
2023-03-14,Prajna,什麼都要去網站上處理，不然就是要連結到Line上，裝設的意義在哪,1,Android,"Hej, 謝謝你的回饋，我們會將你的意見轉達給相關部門並持續改進，感謝你對IKEA的支持與熱愛。
",zh
2023-03-12,wei-tiem Cheng,太神奇了 沒有追蹤訂單流程的選項，沒有刪除誤訂的選項，沒有訂單取消的選項，只有客服人員的電話，我只是要查詢或取消訂單就要報一堆個資 確認，不是一個APP選項按鍵就完成了！？ 需要勞煩客服人員處理？（速度快 很有禮貌）,1,Android,"Hej, 謝謝你的回饋，如需更改訂單內容，線上購物需確認為本人後協助調整，我們會持續改進並優化APP，感謝你對IKEA的支持與熱愛。",zh
2023-03-07,yaming yeh,SMASTAD系列兒童收納組，軟體規劃點不進閃退，購物車金額亂跳無法購物，帳戶訂單未結帳的無法刪除，不好使用。,2,Android,"Hej, 謝謝你的回饋，我們會將你的意見轉達給相關部門並持續改進，感謝你對IKEA的支持與熱愛。",zh
2023-03-06,RioLynn097,都很好，但是未讀訊息居然要一個一個點掉，而且都不是我追蹤的商品的補貨通知，希望可以改善這個功能🥲,5,iOS,,zh
2023-02-25,曾睿睿,都做app出來了，把會員條碼也弄進去很困難嗎？還是APP和門市的作業是分開的？,1,iOS,,zh
2023-02-24,snadghjw,速度超級慢，爛透,1,iOS,,zh
2023-02-24,justinting1208,"1.登陸時填寫資訊的介面填寫email 的時候說已經有重複email 不能取消looping bug 

2. 搜尋物品時用沒多久卡屏閃屏 然後就當掉了",2,iOS,,zh
2023-02-22,Brian S93,"完全沒有物流資訊，你沒做好歹也給個單號讓我查吧。
通知一堆垃圾訊息，裝app 第一天信箱就700多個未看訊息。
2023了 這都基本功能，加油好嗎 都在混嗎",1,iOS,,zh
2023-02-14,李麥克,好逛、好買、好吃、好玩👍,5,Android,,zh
2023-02-13,Mathilde Cheng,跟過去的比起來 好很多 我的最愛圖案可以再小一點 一面可以顯示5個或多一些 但我的帳號裡沒有會員條碼（？）<<可以新增這個,4,Android,,zh
2023-02-13,Shizukushiomi,怎麼都打不開,2,iOS,,zh
2023-02-12,PingYen Lin,執行速度非常慢，常常loading ，點個類別要跑很久，第一次碰過這種app....,1,Android,"Hej, 謝謝你的回饋，已將你的問題轉達給相關部門，目前已修復此問題，請協助將APP更新至最新版本後完全關閉並重新開啟使用。",zh
2023-02-09,Jamieスイ（Fall In Love wz Jamie）,"從IKEA的LINE商品連結點下去，以前會打開網頁，裝了APP之後會立刻跳轉IKEA的APP，但始終是空白頁寫著""找不到任何結果""",3,Android,,zh
2023-02-06,涂瑞圃（北北）,買個東西拖拖拉拉，店內搬運額外要錢！ 運送物品時間也不清不楚 店員回應也隨隨便便！真心覺得大型傢俱不要在這種地方購買，花錢氣自己而已。,1,Android,,zh
2023-02-02,Alfie hsu,我是IKEA 愛用者…但這app連登入都登不進去…,1,Android,"Hej, 謝謝你的回饋, 請聯繫線上客服為你確認: 412-8869(手機+02)",zh
2023-02-01,蕭佳明,開啟產品資料總是要等待許久，甚至無法開啟。網頁卻不會，搞不清楚為何推出比網站還要難用的App？購物車內容還會不定時消失，到底使用此App要何用？,1,Android,"Hej, 謝謝你的回饋，已將你的問題轉達給相關部門，目前已修復此問題，請協助將APP更新至最新版本後完全關閉並重新開啟使用。",zh
2023-02-01,ANGEL SELENE,好多商品無法點選詳情！,1,Android,"Hej, 謝謝你的回饋，我們會將你的意見轉達給相關部門。",zh
2023-01-31,S. Hsun Chang,只要是用數字代碼搜尋出來的商品，點進去要看內容，都會出現問題，無法開啟,3,Android,"Hej, 謝謝你的回饋，已將你的問題轉達給相關部門，目前已修復此問題，請協助將APP更新至最新版本後完全關閉並重新開啟使用。",zh
2023-01-10,ghjkl1993,麻煩黃色塗滿謝謝,5,iOS,,zh
2023-01-08,rohmer liu,一大堆bug，很難用,1,Android,"Hej, 謝謝你的評論， 我們會將你的意見轉達給相關部門。",zh
2023-01-06,老闆說好用的,"速度ok,介面設計類似網頁
系列選擇就卡住了",3,iOS,,zh
2023-01-06,Charlie Chen my xxx,購物車速度有待改善,5,iOS,,zh
2023-01-04,別再洗評價了,"首先得先稱讚一下這個APP的搜尋商品邏輯，IKEA官網的搜尋介面已然詬病十年，真不是普通難用，只差一個字或是官方設定的詞彙跟坊間理解不同的（比如壁櫃、吊櫃）就通通找不到，只憑自己的理解很難找到想要的傢俱。

接下來說說可以改善的部份，剛下載一登入就有126條通知，內容全是與我毫不相干的某某產品補貨囉，壓根沒看過那些東西，通知這個幹麻呢，屆時若是真有比較重要的通知豈非反而看不到。

再者，將會員卡條碼整合進APP裡應該是基本的了，最好是將優惠券、活動、到貨通知、可以領取年度禮品通知與每次消費明細一併整合進去，這個宜得利或全聯的APP都有類似的功能，應該不會太難。",4,iOS,,zh
2023-01-02,BeReal?,"建議支援Face ID以及雙重驗證登入，不然別人一打開app，就可以任意瀏覽個人資料

還有最重要的會員卡，怎麼沒有內建呢？ 

早在三年多前，放在皮夾內無數張會員卡，都改成了app，唯讀剩下IKEA要靠LINE綁定帳號才能使用，每次結帳前都要找很久，如果能內建在app，並支援加入Apple錢包，才能提升app下載率以及使用黏著度",5,iOS,,zh
2022-12-26,黑羽天使,"1.我有收到電子郵件，通知線上購物的商品缺貨已補貨了，但是上App要下訂時，卻依然顯示缺貨！？這很囧rz… 只好再跑一趟外縣市訂購~_~; 
2. 無法查詢店面消費記錄，以及追蹤店面購買送貨的訂單！？App功能上有點掉漆ಥ_ಥ
3. 台南地很大，也不貴！快快來設點(o^^o)",3,iOS,,zh
